# NASA Exoplanet Archive pscomppars, as of 2026-10-08; the columns the star systems need, for the hosts of registry/systems-list.yaml only; written by scripts/build-exoplanets.py
pl_name,hostname,pl_orbsmax,st_mass,st_lum,pl_orbeccen,pl_tranmid,cb_flag,sy_snum,pl_bmassprov,calc
51 Peg b,51 Peg,0.0520000000,1.070000,0.13631,0.006300,2456326.93230000,0,1,Mass,r
55 Cnc b,55 Cnc,0.1180000000,1.015000,-0.19695,0.002900,2455495.59500000,0,2,Mass,r
55 Cnc c,55 Cnc,0.2470000000,1.015000,-0.19695,0.088000,2455491.23000000,0,2,Mass,r
55 Cnc d,55 Cnc,5.6000000000,1.015000,-0.19695,0.091300,2451517.80000000,0,2,Mass,r
55 Cnc e,55 Cnc,0.0154400000,0.905000,-0.19695,0.050000,2457063.20960000,0,2,Mass,
55 Cnc f,55 Cnc,0.8020000000,1.015000,-0.19695,0.063000,2455236.40000000,0,2,Mass,r
GJ 1132 b,GJ 1132,0.0157000000,0.194500,-2.32148,0.011800,2459280.98988000,0,1,Mass,
GJ 1132 c,GJ 1132,0.0476000000,0.198000,-2.32148,0.190000,2457505.94000000,0,1,Msini,r
GJ 1214 b,GJ 1214,0.0150500000,0.182000,-2.40894,0.006200,2459639.78126190,0,1,Mass,
GJ 667 C b,GJ 667 C,0.0504310000,0.330000,-1.86300,0.200000,,0,3,Msini,r
GJ 667 C c,GJ 667 C,0.1250000000,0.330000,-1.86300,0.020000,,0,3,Msini,r
GJ 667 C e,GJ 667 C,0.2130000000,0.330000,-1.86300,0.020000,,0,3,Msini,r
GJ 667 C f,GJ 667 C,0.1560000000,0.330000,-1.86300,0.030000,,0,3,Msini,r
GJ 667 C g,GJ 667 C,0.5490000000,0.330000,-1.86300,0.080000,,0,3,Msini,r
Gliese 12 b,Gliese 12,0.0670000000,0.255000,-2.13787,0.240000,2460033.16351000,0,1,Mass,
HD 10180 c,HD 10180,0.0641200000,1.060000,0.17319,0.073000,,0,1,Mass,
HD 10180 d,HD 10180,0.1285900000,1.060000,0.17319,0.131000,,0,1,Mass,
HD 10180 e,HD 10180,0.2699000000,1.060000,0.17319,0.051000,,0,1,Msin(i)/sin(i),r
HD 10180 f,HD 10180,0.4929000000,1.060000,0.17319,0.119000,,0,1,Msin(i)/sin(i),r
HD 10180 g,HD 10180,1.4270000000,1.060000,0.17319,0.263000,,0,1,Mass,
HD 10180 h,HD 10180,3.3810000000,1.060000,0.17319,0.095000,,0,1,Msin(i)/sin(i),r
HD 189733 b,HD 189733,0.0312600000,0.790000,-0.46119,0.000000,2453955.52555110,0,2,Mass,
HD 209458 b,HD 209458,0.0470700000,1.230000,0.23086,0.000000,2451659.93742000,0,1,Mass,
HR 8799 b,HR 8799,68.0000000000,1.500000,0.69197,,,0,1,Mass,
HR 8799 c,HR 8799,38.0000000000,1.500000,0.69197,0.500000,,0,1,Mass,
HR 8799 d,HR 8799,24.0000000000,1.500000,0.69197,0.600000,,0,1,Mass,
HR 8799 e,HR 8799,16.4000000000,1.510000,0.73347,0.150000,,0,1,Mass,
K2-138 b,K2-138,0.0338500000,0.935000,-0.28654,0.048000,2457773.31683000,0,1,Mass,
K2-138 c,K2-138,0.0446100000,0.935000,-0.28654,0.045000,2457740.32182000,0,1,Mass,
K2-138 d,K2-138,0.0589300000,0.935000,-0.28654,0.043000,2457743.15989000,0,1,Mass,
K2-138 e,K2-138,0.0782000000,0.935000,-0.28654,0.077000,2457740.64558000,0,1,Mass,
K2-138 f,K2-138,0.1044700000,0.935000,-0.28654,0.062000,2457738.70235000,0,1,Mass,
K2-138 g,K2-138,0.2310900000,0.935000,-0.28654,0.059000,2457773.86156000,0,1,Mass,
K2-18 b,K2-18,0.1429000000,0.359000,-1.59688,0.200000,2457264.39144000,0,1,Mass,
K2-18 c,K2-18,0.0600000000,0.359000,-1.59688,0.470000,,0,1,Msini,r
KELT-9 b,KELT-9,0.0336800000,2.320000,1.58995,0.000000,2457095.68572000,0,2,Mass,
KOI-351 b,KOI-351,0.0740000000,1.200000,0.26853,0.000000,2454970.69060000,0,1,M-R relationship,m
KOI-351 c,KOI-351,0.0890000000,1.200000,0.26853,0.000000,2454972.56870000,0,1,M-R relationship,m
KOI-351 d,KOI-351,0.3200000000,1.200000,0.26853,0.000000,2454991.96560000,0,1,M-R relationship,m
KOI-351 e,KOI-351,0.4200000000,1.200000,0.26853,0.000000,2454967.31270000,0,1,M-R relationship,m
KOI-351 f,KOI-351,0.4800000000,1.200000,0.26853,0.000000,2455087.70400000,0,1,M-R relationship,m
KOI-351 g,KOI-351,0.7170400000,1.242000,0.26853,0.029200,2454979.97608000,0,1,Mass,
KOI-351 h,KOI-351,0.9706200000,1.242000,0.26853,0.027600,2454973.50056000,0,1,Mass,
Kepler-90 i,KOI-351,0.1201380843,1.120000,0.26853,0.000000,2455644.34880000,0,1,M-R relationship,m
Kepler-11 b,Kepler-11,0.0910000000,0.961000,0.12020,0.045000,2455589.73780000,0,1,Mass,
Kepler-11 c,Kepler-11,0.1070000000,0.961000,0.12020,0.026000,2455583.34940000,0,1,Mass,
Kepler-11 d,Kepler-11,0.1550000000,0.961000,0.12020,0.004000,2455594.00690000,0,1,Mass,
Kepler-11 e,Kepler-11,0.1950000000,0.961000,0.12020,0.012000,2455595.07550000,0,1,Mass,
Kepler-11 f,Kepler-11,0.2500000000,0.961000,0.12020,0.013000,2455618.27100000,0,1,Mass,
Kepler-11 g,Kepler-11,0.4660000000,0.961000,0.12020,0.150000,2455593.80210000,0,1,Mass,
Kepler-16 b,Kepler-16,0.7048000000,0.689700,-0.90301,0.006900,2455212.12316000,1,2,Mass,
Kepler-1647 b,Kepler-1647,2.7205000000,1.220700,0.64425,0.058100,2454998.49720000,1,2,Mass,
Kepler-1649 b,Kepler-1649,0.0514000000,0.197700,-2.28735,0.000000,2455374.62190000,0,1,M-R relationship,m
Kepler-1649 c,Kepler-1649,0.0649000000,0.197700,-2.28735,0.000000,2455410.97770000,0,1,M-R relationship,m
Kepler-186 b,Kepler-186,0.0343000000,0.478000,-1.38500,0.000000,2454966.33040000,0,1,M-R relationship,m
Kepler-186 c,Kepler-186,0.0451000000,0.478000,-1.38500,0.000000,2455007.31420000,0,1,M-R relationship,m
Kepler-186 d,Kepler-186,0.0781000000,0.478000,-1.38500,0.000000,2455009.90450000,0,1,M-R relationship,m
Kepler-186 e,Kepler-186,0.1100000000,0.478000,-1.38500,0.000000,2454986.80060000,0,1,M-R relationship,m
Kepler-186 f,Kepler-186,0.4320000000,0.544000,-1.26000,0.040000,2455789.49400000,0,1,M-R relationship,m
Kepler-22 b,Kepler-22,0.8120000000,0.857000,-0.19024,0.720000,2454966.70010000,0,1,Mass,
Kepler-442 b,Kepler-442,0.4090000000,0.609000,-0.93200,0.040000,2455849.55780000,0,1,M-R relationship,m
Kepler-452 b,Kepler-452,1.0460000000,1.037000,0.08448,0.000000,2455147.98500000,0,1,M-R relationship,m
Kepler-62 b,Kepler-62,0.0553000000,0.690000,-0.67800,0.000000,2455003.91890000,0,1,Mass,
Kepler-62 c,Kepler-62,0.0929000000,0.690000,-0.67800,0.000000,2454967.65100000,0,1,Mass,
Kepler-62 d,Kepler-62,0.1200000000,0.690000,-0.67800,0.000000,2455013.81170000,0,1,Mass,
Kepler-62 e,Kepler-62,0.4270000000,0.690000,-0.67800,0.000000,2454983.40400000,0,1,Mass,
Kepler-62 f,Kepler-62,0.7180000000,0.690000,-0.67800,0.000000,2455422.71000000,0,1,Mass,
Kepler-69 b,Kepler-69,0.0940000000,0.810000,-0.09700,0.160000,2454970.84140000,0,1,M-R relationship,m
Kepler-69 c,Kepler-69,0.6400000000,0.810000,-0.09700,0.140000,2454983.87000000,0,1,M-R relationship,m
L 98-59 b,L 98-59,0.0223000000,0.292300,-1.91364,0.031000,2458366.17056000,0,1,Mass,
L 98-59 c,L 98-59,0.0309000000,0.292300,-1.91364,0.002000,2458367.27303000,0,1,Mass,
L 98-59 d,L 98-59,0.0494000000,0.292300,-1.91364,0.006000,2458362.74002000,0,1,Mass,
L 98-59 e,L 98-59,0.0712000000,0.292300,-1.91364,0.012000,2458438.48000000,0,1,Msini,r
L 98-59 f,L 98-59,0.1052000000,0.292300,-1.91364,0.044000,2458437.84000000,0,1,Msini,r
LHS 1140 b,LHS 1140,0.0946000000,0.184400,-2.42022,0.043000,2458399.93000000,0,1,Mass,
LHS 1140 c,LHS 1140,0.0270000000,0.184400,-2.42022,0.050000,2458389.29390000,0,1,Mass,
PSR B1257+12 b,PSR B1257+12,0.1900000000,1.400000,,0.000000,,0,1,Mass,r
PSR B1257+12 c,PSR B1257+12,0.3600000000,1.400000,,0.018600,,0,1,Mass,r
PSR B1257+12 d,PSR B1257+12,0.4600000000,1.400000,,0.026400,,0,1,Mass,r
Proxima Cen b,Proxima Cen,0.0484800000,0.122100,-2.82102,0.000000,2457897.90000000,0,3,Msini,r
Proxima Cen d,Proxima Cen,0.0288100000,0.122100,-2.82102,0.000000,,0,3,Msini,r
Ross 128 b,Ross 128,0.0496000000,0.168000,-2.44129,0.116000,,0,1,Msini,r
TOI-700 b,TOI-700,0.0678000000,0.417000,-1.63264,0.032000,2458880.09940000,0,1,M-R relationship,m
TOI-700 c,TOI-700,0.0931000000,0.417000,-1.63264,0.033000,2458821.62190000,0,1,M-R relationship,m
TOI-700 d,TOI-700,0.1642000000,0.417000,-1.63264,0.042000,2460763.01612000,0,1,M-R relationship,m
TOI-700 e,TOI-700,0.1336000000,0.417000,-1.63264,0.059000,2460772.46343000,0,1,M-R relationship,m
TOI-715 b,TOI-715,0.0830000000,0.225000,-2.30899,,2459002.63051000,0,1,M-R relationship,m
TOI-849 b,TOI-849,0.0155000000,0.970000,-0.21840,0.000000,2458871.68120000,0,1,Mass,
Teegarden's Star b,Teegarden's Star,0.0259000000,0.097000,-3.14146,0.030000,,0,1,Msini,r
Teegarden's Star c,Teegarden's Star,0.0455000000,0.097000,-3.14146,0.040000,,0,1,Msini,r
Teegarden's Star d,Teegarden's Star,0.0791000000,0.097000,-3.14146,0.070000,,0,1,Msini,r
WASP-12 b,WASP-12,0.0234000000,1.325000,0.59711,0.044700,2457607.51930500,0,3,Mass,
WASP-121 b,WASP-121,0.0257100000,1.330000,0.64372,0.008500,2460245.02038000,0,1,Mass,
WASP-17 b,WASP-17,0.0515000000,2.280000,0.61272,0.000000,2454592.80154000,0,1,Mass,
WASP-39 b,WASP-39,0.0482800000,0.913000,-0.12792,0.000000,2455342.96913000,0,1,Mass,
Wolf 1069 b,Wolf 1069,0.0672000000,0.167000,-2.53106,,,0,1,Msini,r
bet Pic b,bet Pic,10.0700000000,1.789000,0.95282,0.105000,,0,1,Mass,
bet Pic c,bet Pic,2.7000000000,1.789000,0.95282,0.307000,,0,1,Mass,r
bet Pic d,bet Pic,26.0000000000,1.789000,0.95282,0.440000,,0,1,Mass,
